Conceptos,2023
ingresos,3719391500
costos,104585107.0
utilidad bruta,3614806393.0
Gastos Administrativos,152980756.0
Depreciaciones,147275494.6111111
Utilidad Operacional,3314550142.388889
Utilidad Antes Impuestos,3314550142.388889
Impuestos,1160092549.836111
Utilidad Neta,2154457592.552778
