Conceptos,2023
ingresos,3719391500
costos,2860296191.81
utilidad bruta,859095308.19
Gastos Administrativos,152980756.0
Depreciaciones,343599007.83873445
Utilidad Operacional,362515544.3512656
Utilidad Antes Impuestos,362515544.3512656
Impuestos,126880440.52294296
Utilidad Neta,235635103.82832265
